bowlerName,batsmanName,total_runs,balls_faced,dismissals,strike_rate,dismissal_ratio
Abbas Afridi,Gareth Delany,15,7,0,214.28571428571428,0.0
Abbas Afridi,Mark Adair,9,7,0,128.57142857142858,0.0
Abinash Bohara,Max O'Dowd,20,13,0,153.84615384615387,0.0
Abinash Bohara,Reeza Hendricks,7,6,0,116.66666666666667,0.0
Abinash Bohara,Taskin Ahmed,9,7,0,128.57142857142858,0.0
Adam Zampa,Ayaan Khan,20,16,1,125.0,0.0625
Adam Zampa,Brandon McMullen,14,9,1,155.55555555555557,0.1111111111111111
Adam Zampa,Gerhard Erasmus,3,8,0,37.5,0.0
Adam Zampa,Ibrahim Zadran,9,8,1,112.5,0.125
Adam Zampa,Jos Buttler,9,6,1,150.0,0.16666666666666666
Adam Zampa,Najmul Hossain Shanto,8,7,1,114.28571428571428,0.14285714285714285
Adam Zampa,Rahmanullah Gurbaz,17,13,0,130.76923076923077,0.0
Adam Zampa,Richie Berrington,10,10,0,100.0,0.0
Adam Zampa,Rohit Sharma,11,6,0,183.33333333333331,0.0
Adam Zampa,Shivam Dube,12,8,0,150.0,0.0
Adam Zampa,Towhid Hridoy,10,7,0,142.85714285714286,0.0
Adil Rashid,Aaron Jones,1,8,1,12.5,0.125
Adil Rashid,Corey Anderson,7,8,0,87.5,0.0
Adil Rashid,Fayyaz Butt,3,8,1,37.5,0.125
Adil Rashid,George Munsey,13,7,0,185.71428571428572,0.0
Adil Rashid,Glenn Maxwell,7,6,1,116.66666666666667,0.16666666666666666
Adil Rashid,Johnson Charles,11,9,0,122.22222222222223,0.0
Adil Rashid,Marcus Stoinis,15,8,0,187.5,0.0
Adil Rashid,Mitchell Marsh,13,7,0,185.71428571428572,0.0
Adil Rashid,Nicholas Pooran,6,6,0,100.0,0.0
Adil Rashid,Quinton de Kock,6,8,0,75.0,0.0
Adil Rashid,Reeza Hendricks,6,6,0,100.0,0.0
Adil Rashid,Rohit Sharma,13,11,1,118.18181818181819,0.09090909090909091
Adil Rashid,Shoaib Khan,8,13,0,61.53846153846154,0.0
Adil Rashid,Suryakumar Yadav,12,11,0,109.09090909090908,0.0
Aiden Markram,Aasif Sheikh,4,7,0,57.14285714285714,0.0
Aiden Markram,Axar Patel,11,7,0,157.14285714285714,0.0
Aiden Markram,Kyle Mayers,16,14,0,114.28571428571428,0.0
Aiden Markram,Roston Chase,12,11,0,109.09090909090908,0.0
Akeal Hosein,Aiden Markram,9,7,0,128.57142857142858,0.0
Akeal Hosein,Assad Vala,2,8,0,25.0,0.0
Akeal Hosein,Devon Conway,3,6,1,50.0,0.16666666666666666
Akeal Hosein,Finn Allen,14,10,0,140.0,0.0
Akeal Hosein,Gulbadin Naib,3,6,0,50.0,0.0
Akeal Hosein,Ibrahim Zadran,15,10,0,150.0,0.0
Akeal Hosein,Jonny Bairstow,15,6,0,250.0,0.0
Akeal Hosein,Jos Buttler,5,7,0,71.42857142857143,0.0
Akeal Hosein,Nitish Kumar,3,8,0,37.5,0.0
Akeal Hosein,Phil Salt,15,12,0,125.0,0.0
Akeal Hosein,Quinton de Kock,12,6,0,200.0,0.0
Akeal Hosein,Robinson Obuya,5,6,0,83.33333333333334,0.0
Akeal Hosein,Sese Bau,6,6,0,100.0,0.0
Alei Nao,Devon Conway,18,11,0,163.63636363636365,0.0
Alei Nao,Gulbadin Naib,15,10,0,150.0,0.0
Alei Nao,Nicholas Pooran,1,8,0,12.5,0.0
Alei Nao,Rahmanullah Gurbaz,7,6,1,116.66666666666667,0.16666666666666666
Alei Nao,Riazat Ali Shah,10,15,1,66.66666666666666,0.06666666666666667
Ali Khan,Aaron Johnson,21,8,0,262.5,0.0
Ali Khan,Heinrich Klaasen,19,8,0,237.5,0.0
Ali Khan,Jos Buttler,13,6,0,216.66666666666666,0.0
Ali Khan,Phil Salt,13,8,0,162.5,0.0
Ali Khan,Quinton de Kock,10,9,0,111.11111111111111,0.0
Ali Khan,Shaheen Shah Afridi,14,10,0,140.0,0.0
Ali Khan,Shai Hope,16,12,0,133.33333333333331,0.0
Ali Khan,Shivam Dube,5,9,0,55.55555555555556,0.0
Ali Khan,Shreyas Movva,23,9,0,255.55555555555554,0.0
Alpesh Ramjani,Ibrahim Zadran,6,8,0,75.0,0.0
Alpesh Ramjani,Johnson Charles,6,8,0,75.0,0.0
Alpesh Ramjani,Kiplin Doriga,10,8,1,125.0,0.125
Alpesh Ramjani,Rahmanullah Gurbaz,22,11,1,200.0,0.09090909090909091
Alzarri Joseph,Andries Gous,15,7,1,214.28571428571428,0.14285714285714285
Alzarri Joseph,Assad Vala,8,6,1,133.33333333333331,0.16666666666666666
Alzarri Joseph,Glenn Phillips,9,6,1,150.0,0.16666666666666666
Alzarri Joseph,Heinrich Klaasen,8,6,1,133.33333333333331,0.16666666666666666
Alzarri Joseph,Ibrahim Zadran,18,9,0,200.0,0.0
Alzarri Joseph,Jonny Bairstow,14,6,0,233.33333333333334,0.0
Alzarri Joseph,Kenneth Waiswa,1,7,0,14.285714285714285,0.0
Alzarri Joseph,Kiplin Doriga,13,8,1,162.5,0.125
Alzarri Joseph,Phil Salt,17,7,0,242.85714285714283,0.0
Alzarri Joseph,Tristan Stubbs,9,7,0,128.57142857142858,0.0
Andre Russell,Aiden Markram,9,7,0,128.57142857142858,0.0
Andre Russell,David Miller,2,6,0,33.33333333333333,0.0
Andre Russell,Glenn Phillips,15,9,0,166.66666666666669,0.0
Andre Russell,Ibrahim Zadran,3,6,0,50.0,0.0
Andre Russell,Milind Kumar,6,8,0,75.0,0.0
Andre Russell,Sese Bau,7,10,0,70.0,0.0
Andre Russell,Tristan Stubbs,3,6,0,50.0,0.0
Angelo Mathews,Aiden Markram,1,6,0,16.666666666666664,0.0
Angelo Mathews,Max O'Dowd,11,7,0,157.14285714285714,0.0
Angelo Mathews,Michael Levitt,9,7,0,128.57142857142858,0.0
Angelo Mathews,Quinton de Kock,9,9,0,100.0,0.0
Anrich Nortje,Aasif Sheikh,4,8,0,50.0,0.0
Anrich Nortje,Andries Gous,25,10,0,250.0,0.0
Anrich Nortje,Angelo Mathews,2,7,1,28.57142857142857,0.14285714285714285
Anrich Nortje,Anil Sah,15,11,0,136.36363636363635,0.0
Anrich Nortje,Axar Patel,5,7,0,71.42857142857143,0.0
Anrich Nortje,Bas de Leede,2,6,1,33.33333333333333,0.16666666666666666
Anrich Nortje,Corey Anderson,8,7,1,114.28571428571428,0.14285714285714285
Anrich Nortje,Gudakesh Motie,5,6,0,83.33333333333334,0.0
Anrich Nortje,Harry Brook,14,9,1,155.55555555555557,0.1111111111111111
Anrich Nortje,Karim Janat,7,6,0,116.66666666666667,0.0
Anrich Nortje,Kusal Mendis,4,8,1,50.0,0.125
Anrich Nortje,Kyle Mayers,2,7,0,28.57142857142857,0.0
Anrich Nortje,Mahmudullah,7,11,0,63.63636363636363,0.0
Anrich Nortje,Rashid Khan,1,6,1,16.666666666666664,0.16666666666666666
Anrich Nortje,Roston Chase,5,6,0,83.33333333333334,0.0
Anrich Nortje,Shivam Dube,12,7,1,171.42857142857142,0.14285714285714285
Anrich Nortje,Sybrand Engelbrecht,7,9,0,77.77777777777779,0.0
Anrich Nortje,Towhid Hridoy,8,9,0,88.88888888888889,0.0
Anrich Nortje,Virat Kohli,6,9,0,66.66666666666666,0.0
Aqib Ilyas,Brandon McMullen,17,8,0,212.5,0.0
Aqib Ilyas,David Warner,8,11,0,72.72727272727273,0.0
Aqib Ilyas,Jan Frylinck,8,12,0,66.66666666666666,0.0
Aqib Ilyas,Marcus Stoinis,5,8,0,62.5,0.0
Aqib Ilyas,Nikolaas Davin,6,9,1,66.66666666666666,0.1111111111111111
Arshdeep Singh,Andries Gous,3,6,1,50.0,0.16666666666666666
Arshdeep Singh,David Warner,6,6,1,100.0,0.16666666666666666
Arshdeep Singh,Harry Tector,8,7,0,114.28571428571428,0.0
Arshdeep Singh,Jos Buttler,16,9,0,177.77777777777777,0.0
Arshdeep Singh,Mahmudullah,3,6,1,50.0,0.16666666666666666
Arshdeep Singh,Mitchell Marsh,14,6,0,233.33333333333334,0.0
Arshdeep Singh,Mohammad Rizwan,7,10,0,70.0,0.0
Arshdeep Singh,Noor Ahmad,9,11,1,81.81818181818183,0.09090909090909091
Arshdeep Singh,Paul Stirling,2,6,1,33.33333333333333,0.16666666666666666
Arshdeep Singh,Quinton de Kock,7,7,1,100.0,0.14285714285714285
Arshdeep Singh,Rahmanullah Gurbaz,13,8,0,162.5,0.0
Arshdeep Singh,Tanzid Hasan,13,11,0,118.18181818181819,0.0
Arshdeep Singh,Tim David,13,7,1,185.71428571428572,0.14285714285714285
Aryan Dutt,Charith Asalanka,15,7,0,214.28571428571428,0.0
Aryan Dutt,Shakib Al Hasan,6,9,0,66.66666666666666,0.0
Aryan Dutt,Tanzid Hasan,7,7,0,100.0,0.0
Ashton Agar,Ibrahim Zadran,14,17,0,82.35294117647058,0.0
Ashton Agar,Rahmanullah Gurbaz,8,7,0,114.28571428571428,0.0
Ashton Agar,Richie Berrington,14,7,0,200.0,0.0
Assad Vala,Riazat Ali Shah,6,7,0,85.71428571428571,0.0
Assad Vala,Roston Chase,19,8,0,237.5,0.0
Axar Patel,Corey Anderson,9,6,0,150.0,0.0
Axar Patel,Gulbadin Naib,10,10,0,100.0,0.0
Axar Patel,Harry Brook,4,6,0,66.66666666666666,0.0
Axar Patel,Heinrich Klaasen,25,9,0,277.77777777777777,0.0
Axar Patel,Mitchell Marsh,12,6,0,200.0,0.0
Axar Patel,Nitish Kumar,6,7,0,85.71428571428571,0.0
Axar Patel,Quinton de Kock,7,6,0,116.66666666666667,0.0
Axar Patel,Steven Taylor,10,6,1,166.66666666666669,0.16666666666666666
Axar Patel,Tristan Stubbs,18,11,1,163.63636363636365,0.09090909090909091
Ayaan Khan,Jan Frylinck,10,7,0,142.85714285714286,0.0
Azmatullah Omarzai,Aiden Markram,7,6,0,116.66666666666667,0.0
Azmatullah Omarzai,Nicholas Pooran,36,9,0,400.0,0.0
Azmatullah Omarzai,Norman Vanua,0,7,1,0.0,0.14285714285714285
Azmatullah Omarzai,Reeza Hendricks,11,6,0,183.33333333333331,0.0
Azmatullah Omarzai,Riazat Ali Shah,3,6,0,50.0,0.0
Azmatullah Omarzai,Robinson Obuya,4,7,0,57.14285714285714,0.0
Azmatullah Omarzai,Suryakumar Yadav,20,9,0,222.22222222222223,0.0
Barry McCarthy,Babar Azam,5,8,0,62.5,0.0
Barry McCarthy,Dilpreet Bajwa,6,7,0,85.71428571428571,0.0
Barry McCarthy,Fakhar Zaman,3,6,0,50.0,0.0
Barry McCarthy,Nicholas Kirton,7,9,1,77.77777777777779,0.1111111111111111
Barry McCarthy,Rishabh Pant,14,8,0,175.0,0.0
Barry McCarthy,Rohit Sharma,4,6,0,66.66666666666666,0.0
Bas de Leede,Angelo Mathews,15,8,0,187.5,0.0
Bas de Leede,David Miller,28,14,0,200.0,0.0
Bas de Leede,Shakib Al Hasan,15,10,0,150.0,0.0
Bas de Leede,Tristan Stubbs,5,7,1,71.42857142857143,0.14285714285714285
Bernard Scholtz,Ayaan Khan,9,8,0,112.5,0.0
Bernard Scholtz,Jonny Bairstow,10,6,1,166.66666666666669,0.16666666666666666
Bernard Scholtz,Khalid Kail,6,10,0,60.0,0.0
Bernard Scholtz,Mohammad Nadeem,5,6,0,83.33333333333334,0.0
Bernard Scholtz,Richie Berrington,7,8,0,87.5,0.0
Bilal Hassan,Ibrahim Zadran,27,10,0,270.0,0.0
Bilal Khan,David Warner,5,7,0,71.42857142857143,0.0
Bilal Khan,Jan Frylinck,9,12,0,75.0,0.0
Bilal Khan,Jos Buttler,23,7,0,328.57142857142856,0.0
Bilal Khan,Marcus Stoinis,16,7,0,228.57142857142856,0.0
Bilal Khan,Michael Jones,4,9,1,44.44444444444444,0.1111111111111111
Bilal Khan,Travis Head,10,7,1,142.85714285714286,0.14285714285714285
Brad Currie,Jan Frylinck,1,6,1,16.666666666666664,0.16666666666666666
Brad Wheal,Ayaan Khan,4,7,0,57.14285714285714,0.0
Brad Wheal,Jan Frylinck,15,9,0,166.66666666666669,0.0
Brad Wheal,Pratik Athavale,13,9,0,144.44444444444443,0.0
Brad Wheal,Tim David,22,8,0,275.0,0.0
Brad Wheal,Travis Head,8,7,0,114.28571428571428,0.0
Brian Masaba,Charles Amini,4,7,0,57.14285714285714,0.0
Brian Masaba,Hiri Hiri,8,8,0,100.0,0.0
Brian Masaba,Ibrahim Zadran,7,7,1,100.0,0.14285714285714285
Brian Masaba,Mohammad Nabi,6,7,0,85.71428571428571,0.0
Brian Masaba,Rovman Powell,6,8,1,75.0,0.125
Brian Masaba,Sherfane Rutherford,10,6,0,166.66666666666669,0.0
Chad Soper,Brandon King,7,6,0,116.66666666666667,0.0
Chad Soper,Gulbadin Naib,13,7,0,185.71428571428572,0.0
Chad Soper,Nicholas Pooran,4,6,0,66.66666666666666,0.0
Chad Soper,Riazat Ali Shah,9,15,0,60.0,0.0
Charles Amini,Roston Chase,11,6,0,183.33333333333331,0.0
Chris Greaves,Gerhard Erasmus,13,7,0,185.71428571428572,0.0
Chris Jordan,Corey Anderson,6,7,1,85.71428571428571,0.14285714285714285
Chris Jordan,Glenn Maxwell,14,8,0,175.0,0.0
Chris Jordan,Michael Jones,16,8,0,200.0,0.0
Chris Jordan,Mitchell Marsh,9,6,0,150.0,0.0
Chris Sole,Pratik Athavale,11,7,0,157.14285714285714,0.0
Chris Sole,Travis Head,20,13,0,153.84615384615387,0.0
Corey Anderson,Nicholas Kirton,12,7,0,171.42857142857142,0.0
Corey Anderson,Shivam Dube,12,10,0,120.0,0.0
Corey Anderson,Shreyas Movva,6,6,0,100.0,0.0
Corey Anderson,Suryakumar Yadav,5,9,0,55.55555555555556,0.0
Cosmas Kyewuta,Andre Russell,24,10,0,240.0,0.0
Cosmas Kyewuta,Devon Conway,10,7,0,142.85714285714286,0.0
Cosmas Kyewuta,Finn Allen,5,8,0,62.5,0.0
Cosmas Kyewuta,Johnson Charles,13,11,0,118.18181818181819,0.0
Cosmas Kyewuta,Rahmanullah Gurbaz,9,7,0,128.57142857142858,0.0
Craig Young,Nicholas Kirton,17,6,0,283.33333333333337,0.0
Craig Young,Pargat Singh,5,6,1,83.33333333333334,0.16666666666666666
Craig Young,Shreyas Movva,9,7,0,128.57142857142858,0.0
Curtis Campher,Abbas Afridi,12,9,0,133.33333333333331,0.0
Curtis Campher,Babar Azam,6,9,0,66.66666666666666,0.0
Curtis Campher,Nicholas Kirton,6,7,0,85.71428571428571,0.0
Curtis Campher,Shreyas Movva,5,6,0,83.33333333333334,0.0
Daryl Mitchell,Sherfane Rutherford,19,6,0,316.66666666666663,0.0
Dasun Shanaka,Tristan Stubbs,4,14,0,28.57142857142857,0.0
David Wiese,Shakeel Ahmed,9,6,1,150.0,0.16666666666666666
Dilon Heyliger,Aaron Jones,10,6,0,166.66666666666669,0.0
Dilon Heyliger,Andries Gous,5,8,0,62.5,0.0
Dilon Heyliger,Babar Azam,6,13,1,46.15384615384615,0.07692307692307693
Dilon Heyliger,George Dockrell,13,11,0,118.18181818181819,0.0
Dilon Heyliger,Mark Adair,6,8,0,75.0,0.0
Dilon Heyliger,Mohammad Rizwan,9,7,0,128.57142857142858,0.0
Dilon Heyliger,Monank Patel,4,6,1,66.66666666666666,0.16666666666666666
Dinesh Nakrani,Ibrahim Zadran,19,9,0,211.11111111111111,0.0
Dinesh Nakrani,Rahmanullah Gurbaz,18,9,0,200.0,0.0
Dinesh Nakrani,Sherfane Rutherford,9,8,0,112.5,0.0
Dipendra Singh Airee,Litton Das,9,6,0,150.0,0.0
Dipendra Singh Airee,Quinton de Kock,6,7,1,85.71428571428571,0.14285714285714285
Dipendra Singh Airee,Reeza Hendricks,7,6,1,116.66666666666667,0.16666666666666666
Dipendra Singh Airee,Vikramjit Singh,2,6,1,33.33333333333333,0.16666666666666666
Fazalhaq Farooqi,Bilal Hassan,2,6,0,33.33333333333333,0.0
Fazalhaq Farooqi,Devon Conway,9,7,1,128.57142857142858,0.14285714285714285
Fazalhaq Farooqi,Johnson Charles,19,8,0,237.5,0.0
Fazalhaq Farooqi,Litton Das,7,6,0,116.66666666666667,0.0
Fazalhaq Farooqi,Reeza Hendricks,7,7,0,100.0,0.0
Fazalhaq Farooqi,Riazat Ali Shah,1,7,1,14.285714285714285,0.14285714285714285
Fazalhaq Farooqi,Rohit Sharma,6,9,1,66.66666666666666,0.1111111111111111
Fazalhaq Farooqi,Tony Ura,12,13,0,92.3076923076923,0.0
Frank Nsubuga,Chad Soper,1,6,0,16.666666666666664,0.0
Frank Nsubuga,Charles Amini,1,6,1,16.666666666666664,0.16666666666666666
Frank Nsubuga,Johnson Charles,13,10,0,130.0,0.0
Frank Nsubuga,Kiplin Doriga,1,9,0,11.11111111111111,0.0
Gareth Delany,Shreyas Movva,4,6,0,66.66666666666666,0.0
Gerhard Erasmus,Ayaan Khan,7,11,1,63.63636363636363,0.09090909090909091
Gerhard Erasmus,Jonny Bairstow,16,7,0,228.57142857142856,0.0
Gerhard Erasmus,Khalid Kail,12,10,0,120.0,0.0
Gerhard Erasmus,Richie Berrington,8,12,0,66.66666666666666,0.0
Gerhard Erasmus,Travis Head,6,6,0,100.0,0.0
Glenn Maxwell,Brandon McMullen,11,6,0,183.33333333333331,0.0
Glenn Maxwell,George Munsey,24,9,1,266.66666666666663,0.1111111111111111
Glenn Maxwell,Ibrahim Zadran,4,7,0,57.14285714285714,0.0
Glenn Maxwell,Moeen Ali,20,7,0,285.7142857142857,0.0
Glenn Maxwell,Najmul Hossain Shanto,7,6,0,116.66666666666667,0.0
Glenn Maxwell,Rahmanullah Gurbaz,8,6,0,133.33333333333331,0.0
Glenn Maxwell,Richie Berrington,9,6,0,150.0,0.0
Gudakesh Motie,Aaron Jones,4,7,0,57.14285714285714,0.0
Gudakesh Motie,Azmatullah Omarzai,12,8,0,150.0,0.0
Gudakesh Motie,Daryl Mitchell,10,7,1,142.85714285714286,0.14285714285714285
Gudakesh Motie,Glenn Phillips,11,11,0,100.0,0.0
Gudakesh Motie,Jonny Bairstow,9,8,0,112.5,0.0
Gudakesh Motie,Juma Miyagi,6,10,0,60.0,0.0
Gudakesh Motie,Phil Salt,10,8,0,125.0,0.0
Gudakesh Motie,Sese Bau,20,12,0,166.66666666666669,0.0
Gulbadin Naib,Glenn Maxwell,13,9,1,144.44444444444443,0.1111111111111111
Gulbadin Naib,Rovman Powell,10,6,1,166.66666666666669,0.16666666666666666
Gulbadin Naib,Taskin Ahmed,3,7,0,42.857142857142854,0.0
Hardik Pandya,Curtis Campher,11,6,1,183.33333333333331,0.16666666666666666
Hardik Pandya,Heinrich Klaasen,9,7,1,128.57142857142858,0.14285714285714285
Hardik Pandya,Imad Wasim,2,7,0,28.57142857142857,0.0
Hardik Pandya,Mohammad Rizwan,10,9,0,111.11111111111111,0.0
Hardik Pandya,Najmul Hossain Shanto,17,10,0,170.0,0.0
Hardik Pandya,Nitish Kumar,13,8,0,162.5,0.0
Hardik Pandya,Travis Head,39,15,0,260.0,0.0
Haris Rauf,Aaron Johnson,15,10,1,150.0,0.1
Haris Rauf,Aaron Jones,15,9,0,166.66666666666669,0.0
Haris Rauf,Andries Gous,11,7,1,157.14285714285714,0.14285714285714285
Haris Rauf,Gareth Delany,7,7,0,100.0,0.0
Haris Rauf,Monank Patel,5,6,0,83.33333333333334,0.0
Haris Rauf,Saad Bin Zafar,8,11,0,72.72727272727273,0.0
Harmeet Singh,Aiden Markram,12,10,0,120.0,0.0
Harmeet Singh,Babar Azam,20,14,0,142.85714285714286,0.0
Harmeet Singh,Jos Buttler,34,11,0,309.09090909090907,0.0
Harmeet Singh,Navneet Dhaliwal,22,14,0,157.14285714285714,0.0
Harmeet Singh,Quinton de Kock,11,11,1,100.0,0.09090909090909091
Harmeet Singh,Shadab Khan,16,9,0,177.77777777777777,0.0
Harmeet Singh,Shai Hope,12,7,0,171.42857142857142,0.0
Henry Ssenyondo,Rahmanullah Gurbaz,17,10,0,170.0,0.0
Imad Wasim,Aaron Johnson,15,12,0,125.0,0.0
Imad Wasim,Josh Little,5,9,0,55.55555555555556,0.0
Imad Wasim,Rishabh Pant,13,12,0,108.33333333333333,0.0
Imad Wasim,Saad Bin Zafar,3,7,0,42.857142857142854,0.0
Ish Sodhi,Charles Amini,10,7,0,142.85714285714286,0.0
Ish Sodhi,Sese Bau,7,6,0,116.66666666666667,0.0
Jack Brassell,Harry Brook,30,10,0,300.0,0.0
James Neesham,Romario Shepherd,5,7,0,71.42857142857143,0.0
James Neesham,Sherfane Rutherford,14,11,0,127.27272727272727,0.0
Jasdeep Singh,Babar Azam,14,8,1,175.0,0.125
Jasdeep Singh,Navneet Dhaliwal,11,8,0,137.5,0.0
Jasdeep Singh,Rishabh Pant,8,8,0,100.0,0.0
Jasdeep Singh,Shadab Khan,18,8,0,225.0,0.0
Jasdeep Singh,Shivam Dube,15,10,0,150.0,0.0
Jasdeep Singh,Suryakumar Yadav,6,7,0,85.71428571428571,0.0
Jasprit Bumrah,Aaron Jones,1,6,0,16.666666666666664,0.0
Jasprit Bumrah,Harry Tector,3,10,1,30.0,0.1
Jasprit Bumrah,Mohammad Rizwan,4,7,1,57.14285714285714,0.14285714285714285
Jasprit Bumrah,Noor Ahmad,1,6,0,16.666666666666664,0.0
Jasprit Bumrah,Steven Taylor,7,7,0,100.0,0.0
Jasprit Bumrah,Travis Head,15,10,1,150.0,0.1
Jeremy Gordon,Andries Gous,34,15,0,226.66666666666666,0.0
Jeremy Gordon,Andy Balbirnie,9,9,0,100.0,0.0
Jeremy Gordon,Mohammad Rizwan,13,17,0,76.47058823529412,0.0
Jeremy Gordon,Paul Stirling,3,9,1,33.33333333333333,0.1111111111111111
Jofra Archer,David Warner,7,6,0,116.66666666666667,0.0
Jofra Archer,Johnson Charles,11,9,0,122.22222222222223,0.0
Jofra Archer,Michael Jones,11,10,0,110.00000000000001,0.0
Jofra Archer,Michael van Lingen,12,6,0,200.0,0.0
Jofra Archer,Nicholas Pooran,4,6,1,66.66666666666666,0.16666666666666666
Jofra Archer,Nitish Kumar,8,6,0,133.33333333333331,0.0
Jofra Archer,Quinton de Kock,19,8,1,237.5,0.125
Jofra Archer,Rohit Sharma,11,9,0,122.22222222222223,0.0
Jofra Archer,Shoaib Khan,0,8,1,0.0,0.125
Jofra Archer,Steven Taylor,2,6,0,33.33333333333333,0.0
John Kariko,Gulbadin Naib,4,6,0,66.66666666666666,0.0
John Kariko,Juma Miyagi,6,7,0,85.71428571428571,0.0
John Kariko,Mohammad Nabi,6,8,0,75.0,0.0
John Kariko,Nicholas Pooran,4,6,1,66.66666666666666,0.16666666666666666
John Kariko,Riazat Ali Shah,11,12,0,91.66666666666666,0.0
John Kariko,Roston Chase,3,9,0,33.33333333333333,0.0
Josh Hazlewood,Gerhard Erasmus,8,10,0,80.0,0.0
Josh Hazlewood,Harry Brook,5,7,0,71.42857142857143,0.0
Josh Hazlewood,Ibrahim Zadran,12,9,0,133.33333333333331,0.0
Josh Hazlewood,Kashyap Prajapati,2,8,0,25.0,0.0
Josh Hazlewood,Litton Das,2,9,0,22.22222222222222,0.0
Josh Hazlewood,Mehran Khan,15,8,0,187.5,0.0
Josh Hazlewood,Michael van Lingen,7,7,1,100.0,0.14285714285714285
Josh Hazlewood,Phil Salt,10,7,0,142.85714285714286,0.0
Josh Hazlewood,Rahmanullah Gurbaz,12,10,0,120.0,0.0
Josh Hazlewood,Rishabh Pant,7,10,0,70.0,0.0
Josh Little,Navneet Dhaliwal,6,7,0,85.71428571428571,0.0
Josh Little,Nicholas Kirton,12,7,0,171.42857142857142,0.0
Josh Little,Rishabh Pant,9,6,0,150.0,0.0
Josh Little,Rohit Sharma,31,18,0,172.22222222222223,0.0
Josh Little,Saim Ayub,11,11,0,100.0,0.0
Juma Miyagi,Devon Conway,10,6,0,166.66666666666669,0.0
Juma Miyagi,Finn Allen,6,8,0,75.0,0.0
Juma Miyagi,Johnson Charles,11,6,0,183.33333333333331,0.0
Juma Miyagi,Lega Siaka,6,12,1,50.0,0.08333333333333333
Junaid Siddiqui,Andy Balbirnie,5,6,1,83.33333333333334,0.16666666666666666
Junaid Siddiqui,Babar Azam,12,8,0,150.0,0.0
Junaid Siddiqui,Lorcan Tucker,4,8,0,50.0,0.0
Junaid Siddiqui,Mohammad Rizwan,15,10,0,150.0,0.0
Kabua Morea,Brandon King,17,10,0,170.0,0.0
Kagiso Rabada,Aasif Sheikh,16,11,0,145.45454545454547,0.0
Kagiso Rabada,Alzarri Joseph,11,6,0,183.33333333333331,0.0
Kagiso Rabada,Andries Gous,10,10,0,100.0,0.0
Kagiso Rabada,Harry Brook,13,6,0,216.66666666666666,0.0
Kagiso Rabada,Kusal Mendis,7,7,0,100.0,0.0
Kagiso Rabada,Sybrand Engelbrecht,16,13,0,123.07692307692308,0.0
Kagiso Rabada,Tanzid Hasan,8,6,1,133.33333333333331,0.16666666666666666
Kagiso Rabada,Virat Kohli,18,13,1,138.46153846153845,0.07692307692307693
Kaleem Sana,Aaron Jones,13,9,0,144.44444444444443,0.0
Kaleem Sana,Andries Gous,9,9,0,100.0,0.0
Kaleem Sana,Andy Balbirnie,6,7,0,85.71428571428571,0.0
Kaleem Sana,Mark Adair,23,10,0,229.99999999999997,0.0
Kaleem Sana,Paul Stirling,7,8,0,87.5,0.0
Kaleem Sana,Saim Ayub,10,10,0,100.0,0.0
Kaleemullah,Brandon McMullen,9,7,0,128.57142857142858,0.0
Kaleemullah,David Warner,13,7,1,185.71428571428572,0.14285714285714285
Kaleemullah,Nikolaas Davin,5,8,0,62.5,0.0
Karan KC,Max O'Dowd,7,8,0,87.5,0.0
Karan KC,Vikramjit Singh,9,8,0,112.5,0.0
Karim Janat,Kiplin Doriga,9,10,0,90.0,0.0
Keshav Maharaj,Andries Gous,10,9,0,111.11111111111111,0.0
Keshav Maharaj,Angelo Mathews,7,6,0,116.66666666666667,0.0
Keshav Maharaj,Charith Asalanka,6,6,0,100.0,0.0
Keshav Maharaj,Harry Brook,10,7,0,142.85714285714286,0.0
Keshav Maharaj,Jos Buttler,9,8,1,112.5,0.125
Keshav Maharaj,Logan van Beek,6,9,0,66.66666666666666,0.0
Keshav Maharaj,Roston Chase,16,12,0,133.33333333333331,0.0
Keshav Maharaj,Sybrand Engelbrecht,13,10,0,130.0,0.0
Keshav Maharaj,Towhid Hridoy,16,11,0,145.45454545454547,0.0
Keshav Maharaj,Virat Kohli,8,8,0,100.0,0.0
Kuldeep Yadav,Harry Brook,13,9,1,144.44444444444443,0.1111111111111111
Kuldeep Yadav,Liam Livingstone,3,6,0,50.0,0.0
Kuldeep Yadav,Mitchell Marsh,5,8,1,62.5,0.125
Kuldeep Yadav,Najibullah Zadran,12,9,0,133.33333333333331,0.0
Kuldeep Yadav,Najmul Hossain Shanto,8,9,0,88.88888888888889,0.0
Kuldeep Yadav,Quinton de Kock,13,9,0,144.44444444444443,0.0
Kuldeep Yadav,Travis Head,15,9,0,166.66666666666669,0.0
Kuldeep Yadav,Tristan Stubbs,11,6,0,183.33333333333331,0.0
Kushal Bhurtel,Jaker Ali,7,15,0,46.666666666666664,0.0
Kushal Bhurtel,Reeza Hendricks,5,8,0,62.5,0.0
Kushal Malla,Reeza Hendricks,12,7,0,171.42857142857142,0.0
Liam Livingstone,Corey Anderson,15,12,0,125.0,0.0
Liam Livingstone,Rovman Powell,20,6,1,333.33333333333337,0.16666666666666666
Liam Livingstone,Suryakumar Yadav,9,13,0,69.23076923076923,0.0
Lockie Ferguson,Andre Russell,16,7,0,228.57142857142856,0.0
Lockie Ferguson,Brian Masaba,0,9,0,0.0,0.0
Lockie Ferguson,Dinesh Nakrani,2,6,0,33.33333333333333,0.0
Lockie Ferguson,Ibrahim Zadran,11,9,0,122.22222222222223,0.0
Lockie Ferguson,Rahmanullah Gurbaz,13,12,0,108.33333333333333,0.0
Lockie Ferguson,Sese Bau,0,11,0,0.0,0.0
Logan van Beek,David Miller,9,6,0,150.0,0.0
Logan van Beek,Kusal Mendis,6,6,0,100.0,0.0
Logan van Beek,Rohit Paudel,15,10,0,150.0,0.0
Logan van Beek,Shakib Al Hasan,23,12,0,191.66666666666669,0.0
Logan van Beek,Tristan Stubbs,7,8,0,87.5,0.0
Logan van Beek,Wanindu Hasaranga,20,6,0,333.33333333333337,0.0
Mahedi Hasan,David Warner,21,14,0,150.0,0.0
Mahedi Hasan,Travis Head,2,7,0,28.57142857142857,0.0
Mahedi Hasan,Virat Kohli,4,9,0,44.44444444444444,0.0
Maheesh Theekshana,Litton Das,17,14,0,121.42857142857142,0.0
Maheesh Theekshana,Michael Levitt,12,6,1,200.0,0.16666666666666666
Maheesh Theekshana,Najmul Hossain Shanto,6,7,0,85.71428571428571,0.0
Mahmudullah,David Miller,4,9,0,44.44444444444444,0.0
Mahmudullah,Heinrich Klaasen,14,9,0,155.55555555555557,0.0
Mahmudullah,Kushal Malla,14,9,0,155.55555555555557,0.0
Mahmudullah,Shivam Dube,4,7,0,57.14285714285714,0.0
Marco Jansen,Andries Gous,10,7,0,142.85714285714286,0.0
Marco Jansen,Harry Brook,9,8,0,112.5,0.0
Marco Jansen,Kusal Mendis,4,7,0,57.14285714285714,0.0
Marco Jansen,Kushal Bhurtel,16,16,0,100.0,0.0
Marco Jansen,Litton Das,6,9,0,66.66666666666666,0.0
Marco Jansen,Najmul Hossain Shanto,3,7,0,42.857142857142854,0.0
Marco Jansen,Pathum Nissanka,2,6,0,33.33333333333333,0.0
Marco Jansen,Roston Chase,8,6,0,133.33333333333331,0.0
Marco Jansen,Steven Taylor,15,10,0,150.0,0.0
Marco Jansen,Sybrand Engelbrecht,5,6,0,83.33333333333334,0.0
Marco Jansen,Towhid Hridoy,7,6,0,116.66666666666667,0.0
Marco Jansen,Vikramjit Singh,8,12,1,66.66666666666666,0.08333333333333333
Marco Jansen,Virat Kohli,33,18,1,183.33333333333331,0.05555555555555555
Marcus Stoinis,Aqib Ilyas,6,6,1,100.0,0.16666666666666666
Marcus Stoinis,Gerhard Erasmus,2,8,1,25.0,0.125
Marcus Stoinis,Najmul Hossain Shanto,9,6,0,150.0,0.0
Marcus Stoinis,Rahmanullah Gurbaz,13,6,1,216.66666666666666,0.16666666666666666
Marcus Stoinis,Rohit Sharma,28,11,0,254.54545454545453,0.0
Mark Adair,Mohammad Rizwan,12,12,0,100.0,0.0
Mark Adair,Rishabh Pant,8,10,0,80.0,0.0
Mark Adair,Rohit Sharma,19,13,0,146.15384615384613,0.0
Mark Adair,Saim Ayub,6,6,1,100.0,0.16666666666666666
Mark Adair,Shreyas Movva,13,10,1,130.0,0.1
Mark Watt,Ayaan Khan,8,7,0,114.28571428571428,0.0
Mark Watt,Gerhard Erasmus,21,11,0,190.9090909090909,0.0
Mark Watt,Marcus Stoinis,19,12,1,158.33333333333331,0.08333333333333333
Mark Watt,Pratik Athavale,12,12,0,100.0,0.0
Mark Watt,Travis Head,9,6,0,150.0,0.0
Mark Watt,Zane Green,16,8,0,200.0,0.0
Mark Wood,David Miller,15,9,0,166.66666666666669,0.0
Mark Wood,David Warner,22,6,0,366.66666666666663,0.0
Mark Wood,George Munsey,10,12,0,83.33333333333334,0.0
Mark Wood,Johnson Charles,8,6,0,133.33333333333331,0.0
Mark Wood,Mitchell Marsh,5,7,0,71.42857142857143,0.0
Matheesha Pathirana,Heinrich Klaasen,4,8,0,50.0,0.0
Matheesha Pathirana,Litton Das,10,10,0,100.0,0.0
Matheesha Pathirana,Scott Edwards,9,9,0,100.0,0.0
Matheesha Pathirana,Towhid Hridoy,13,9,0,144.44444444444443,0.0
Matt Henry,Azmatullah Omarzai,15,8,1,187.5,0.125
Matt Henry,Ibrahim Zadran,14,11,1,127.27272727272727,0.09090909090909091
Mehran Khan,David Warner,7,9,0,77.77777777777779,0.0
Mehran Khan,Marcus Stoinis,29,10,0,290.0,0.0
Michael Bracewell,Ibrahim Zadran,11,10,0,110.00000000000001,0.0
Michael Bracewell,Rahmanullah Gurbaz,16,8,0,200.0,0.0
Michael Leask,Ayaan Khan,11,13,0,84.61538461538461,0.0
Michael Leask,Marcus Stoinis,23,9,0,255.55555555555554,0.0
Michael Leask,Pratik Athavale,10,6,0,166.66666666666669,0.0
Michael Leask,Travis Head,6,10,0,60.0,0.0
Michael Leask,Zane Green,4,6,0,66.66666666666666,0.0
Mitchell Santner,Dinesh Nakrani,4,6,0,66.66666666666666,0.0
Mitchell Santner,Ibrahim Zadran,6,6,0,100.0,0.0
Mitchell Santner,Rahmanullah Gurbaz,13,13,0,100.0,0.0
Mitchell Santner,Riazat Ali Shah,3,10,0,30.0,0.0
Mitchell Santner,Sese Bau,5,9,1,55.55555555555556,0.1111111111111111
Mitchell Santner,Sherfane Rutherford,25,8,0,312.5,0.0
Mitchell Starc,Aqib Ilyas,11,9,0,122.22222222222223,0.0
Mitchell Starc,Brandon McMullen,9,6,0,150.0,0.0
Mitchell Starc,George Munsey,3,6,0,50.0,0.0
Mitchell Starc,Jos Buttler,18,12,0,150.0,0.0
Mitchell Starc,Litton Das,11,10,0,110.00000000000001,0.0
Mitchell Starc,Najmul Hossain Shanto,10,10,0,100.0,0.0
Mitchell Starc,Phil Salt,20,8,0,250.0,0.0
Mitchell Starc,Rohit Sharma,34,13,1,261.53846153846155,0.07692307692307693
Moeen Ali,George Munsey,11,7,0,157.14285714285714,0.0
Moeen Ali,Quinton de Kock,21,13,0,161.53846153846155,0.0
Moeen Ali,Travis Head,14,9,0,155.55555555555557,0.0
Mohammad Amir,Aaron Jones,5,6,0,83.33333333333334,0.0
Mohammad Amir,Arshdeep Singh,7,8,0,87.5,0.0
Mohammad Amir,Axar Patel,2,6,0,33.33333333333333,0.0
Mohammad Amir,Ben White,0,6,0,0.0,0.0
Mohammad Amir,Curtis Campher,6,8,0,75.0,0.0
Mohammad Amir,Dilon Heyliger,6,6,0,100.0,0.0
Mohammad Amir,Monank Patel,10,8,1,125.0,0.125
Mohammad Amir,Navneet Dhaliwal,4,6,1,66.66666666666666,0.16666666666666666
Mohammad Amir,Rishabh Pant,14,7,1,200.0,0.14285714285714285
Mohammad Amir,Steven Taylor,6,8,0,75.0,0.0
Mohammad Nabi,Mitchell Santner,4,6,1,66.66666666666666,0.16666666666666666
Mohammad Nabi,Rishabh Pant,15,6,0,250.0,0.0
Mohammad Nabi,Shai Hope,15,6,0,250.0,0.0
Mohammad Nabi,Towhid Hridoy,12,6,0,200.0,0.0
Mohammad Nabi,Virat Kohli,8,8,0,100.0,0.0
Mohammed Siraj,Aaron Jones,9,8,0,112.5,0.0
Mohammed Siraj,Andy Balbirnie,4,6,0,66.66666666666666,0.0
Mohammed Siraj,Lorcan Tucker,4,6,0,66.66666666666666,0.0
Mohammed Siraj,Mohammad Rizwan,3,8,0,37.5,0.0
Mohammed Siraj,Steven Taylor,5,6,0,83.33333333333334,0.0
Mujeeb Ur Rahman,Riazat Ali Shah,7,10,0,70.0,0.0
Mustafizur Rahman,David Miller,9,9,0,100.0,0.0
Mustafizur Rahman,David Warner,7,6,0,116.66666666666667,0.0
Mustafizur Rahman,Dhananjaya de Silva,8,9,0,88.88888888888889,0.0
Mustafizur Rahman,Dipendra Singh Airee,2,9,1,22.22222222222222,0.1111111111111111
Mustafizur Rahman,Hardik Pandya,20,11,0,181.8181818181818,0.0
Mustafizur Rahman,Heinrich Klaasen,6,9,0,66.66666666666666,0.0
Mustafizur Rahman,Keshav Maharaj,2,6,0,33.33333333333333,0.0
Mustafizur Rahman,Kushal Malla,1,9,1,11.11111111111111,0.1111111111111111
Mustafizur Rahman,Rahmanullah Gurbaz,9,13,0,69.23076923076923,0.0
Mustafizur Rahman,Rishabh Pant,15,7,0,214.28571428571428,0.0
Mustafizur Rahman,Tim Pringle,0,8,0,0.0,0.0
Naseem Shah,Aaron Johnson,12,15,1,80.0,0.06666666666666667
Naseem Shah,Andries Gous,15,11,0,136.36363636363635,0.0
Naseem Shah,Hardik Pandya,2,6,0,33.33333333333333,0.0
Nathan Ellis,Brandon McMullen,15,10,0,150.0,0.0
Nathan Ellis,Gerhard Erasmus,11,10,0,110.00000000000001,0.0
Nathan Ellis,Richie Berrington,7,6,0,116.66666666666667,0.0
Naveen-ul-Haq,Aiden Markram,12,11,0,109.09090909090908,0.0
Naveen-ul-Haq,Axar Patel,14,8,1,175.0,0.125
Naveen-ul-Haq,Chad Soper,2,8,0,25.0,0.0
Naveen-ul-Haq,Glenn Maxwell,10,6,0,166.66666666666669,0.0
Naveen-ul-Haq,Hardik Pandya,14,10,1,140.0,0.1
Naveen-ul-Haq,Johnson Charles,13,13,1,100.0,0.07692307692307693
Naveen-ul-Haq,Kane Williamson,6,7,0,85.71428571428571,0.0
Naveen-ul-Haq,Litton Das,22,13,0,169.23076923076923,0.0
Naveen-ul-Haq,Nicholas Pooran,20,8,1,250.0,0.125
Nikhil Dutta,Aaron Jones,29,10,0,290.0,0.0
Nikhil Dutta,Andries Gous,11,7,1,157.14285714285714,0.14285714285714285
Noor Ahmad,Chad Soper,2,7,1,28.57142857142857,0.14285714285714285
Noor Ahmad,Kiplin Doriga,10,11,1,90.9090909090909,0.09090909090909091
Noor Ahmad,Litton Das,8,12,0,66.66666666666666,0.0
Noor Ahmad,Mahmudullah,4,6,0,66.66666666666666,0.0
Noor Ahmad,Nicholas Pooran,9,14,0,64.28571428571429,0.0
Noor Ahmad,Shai Hope,7,6,0,116.66666666666667,0.0
Noor Ahmad,Suryakumar Yadav,6,7,0,85.71428571428571,0.0
Noor Ahmad,Tanzim Hasan Sakib,1,6,0,16.666666666666664,0.0
Norman Vanua,Azmatullah Omarzai,4,7,1,57.14285714285714,0.14285714285714285
Norman Vanua,Gulbadin Naib,11,7,0,157.14285714285714,0.0
Norman Vanua,Kenneth Waiswa,4,8,0,50.0,0.0
Norman Vanua,Riazat Ali Shah,6,12,1,50.0,0.08333333333333333
Nosthush Kenjige,Aiden Markram,6,6,0,100.0,0.0
Nosthush Kenjige,Babar Azam,8,7,0,114.28571428571428,0.0
Nosthush Kenjige,Heinrich Klaasen,12,7,0,171.42857142857142,0.0
Nosthush Kenjige,Jos Buttler,17,9,0,188.88888888888889,0.0
Nosthush Kenjige,Mohammad Rizwan,9,6,0,150.0,0.0
Nuwan Thushara,Aiden Markram,11,6,0,183.33333333333331,0.0
Nuwan Thushara,Litton Das,7,6,0,116.66666666666667,0.0
Nuwan Thushara,Michael Levitt,12,10,0,120.0,0.0
Nuwan Thushara,Najmul Hossain Shanto,4,8,1,50.0,0.125
Nuwan Thushara,Quinton de Kock,6,9,0,66.66666666666666,0.0
Obed McCoy,Azmatullah Omarzai,14,9,0,155.55555555555557,0.0
Obed McCoy,Nitish Kumar,12,6,0,200.0,0.0
Obed McCoy,Tristan Stubbs,6,6,0,100.0,0.0
Ottneil Baartman,Aasif Sheikh,12,13,0,92.3076923076923,0.0
Ottneil Baartman,Gulsan Jha,6,6,1,100.0,0.16666666666666666
Ottneil Baartman,Kusal Mendis,2,6,0,33.33333333333333,0.0
Ottneil Baartman,Liam Livingstone,18,6,0,300.0,0.0
Ottneil Baartman,Maheesh Theekshana,6,13,0,46.15384615384615,0.0
Ottneil Baartman,Mahmudullah,9,10,0,90.0,0.0
Ottneil Baartman,Najmul Hossain Shanto,6,6,0,100.0,0.0
Ottneil Baartman,Sybrand Engelbrecht,3,8,1,37.5,0.125
Pat Cummins,Gerhard Erasmus,14,9,0,155.55555555555557,0.0
Pat Cummins,Hardik Pandya,8,6,0,133.33333333333331,0.0
Pat Cummins,Liam Livingstone,4,6,1,66.66666666666666,0.16666666666666666
Pat Cummins,Najmul Hossain Shanto,11,7,0,157.14285714285714,0.0
Pat Cummins,Phil Salt,8,6,0,133.33333333333331,0.0
Pat Cummins,Rahmanullah Gurbaz,8,8,0,100.0,0.0
Pat Cummins,Rashid Khan,3,6,1,50.0,0.16666666666666666
Pat Cummins,Rohit Sharma,18,8,0,225.0,0.0
Pat Cummins,Towhid Hridoy,6,7,1,85.71428571428571,0.14285714285714285
Paul van Meekeren,David Miller,9,17,0,52.94117647058824,0.0
Paul van Meekeren,Dhananjaya de Silva,19,8,0,237.5,0.0
Paul van Meekeren,Gulsan Jha,4,7,0,57.14285714285714,0.0
Paul van Meekeren,Kusal Mendis,10,7,0,142.85714285714286,0.0
Paul van Meekeren,Mahmudullah,2,6,1,33.33333333333333,0.16666666666666666
Paul van Meekeren,Rohit Paudel,7,9,0,77.77777777777779,0.0
Paul van Meekeren,Shakib Al Hasan,10,10,0,100.0,0.0
Paul van Meekeren,Tristan Stubbs,4,8,0,50.0,0.0
Rachin Ravindra,Brian Masaba,4,7,0,57.14285714285714,0.0
Rachin Ravindra,Fred Achelam,7,6,0,116.66666666666667,0.0
Rashid Khan,Bilal Hassan,7,10,1,70.0,0.1
Rashid Khan,Chad Soper,10,11,0,90.9090909090909,0.0
Rashid Khan,Glenn Maxwell,15,9,0,166.66666666666669,0.0
Rashid Khan,Hardik Pandya,4,6,0,66.66666666666666,0.0
Rashid Khan,Kiplin Doriga,13,9,0,144.44444444444443,0.0
Rashid Khan,Litton Das,17,12,0,141.66666666666669,0.0
Rashid Khan,Lockie Ferguson,3,6,1,50.0,0.16666666666666666
Rashid Khan,Marcus Stoinis,5,8,0,62.5,0.0
Rashid Khan,Matt Henry,2,8,0,25.0,0.0
Rashid Khan,Nicholas Pooran,38,17,0,223.52941176470588,0.0
Rashid Khan,Riazat Ali Shah,3,6,0,50.0,0.0
Rashid Khan,Robinson Obuya,3,6,0,50.0,0.0
Rashid Khan,Suryakumar Yadav,16,6,0,266.66666666666663,0.0
Rashid Khan,Virat Kohli,4,6,1,66.66666666666666,0.16666666666666666
Ravindra Jadeja,Liam Livingstone,5,8,0,62.5,0.0
Ravindra Jadeja,Mohammad Nabi,5,6,0,83.33333333333334,0.0
Ravindra Jadeja,Mohammad Rizwan,7,9,0,77.77777777777779,0.0
Ravindra Jadeja,Najmul Hossain Shanto,16,10,0,160.0,0.0
Reece Topley,Brandon King,9,6,0,150.0,0.0
Reece Topley,Johnson Charles,11,12,0,91.66666666666666,0.0
Reece Topley,Kashyap Prajapati,8,11,0,72.72727272727273,0.0
Reece Topley,Michael van Lingen,3,8,0,37.5,0.0
Reece Topley,Nitish Kumar,15,9,0,166.66666666666669,0.0
Reece Topley,Quinton de Kock,11,7,0,157.14285714285714,0.0
Reece Topley,Reeza Hendricks,7,12,0,58.333333333333336,0.0
Reece Topley,Rohit Sharma,15,8,0,187.5,0.0
Reece Topley,Virat Kohli,9,7,1,128.57142857142858,0.14285714285714285
Riazat Ali Shah,Devon Conway,8,6,0,133.33333333333331,0.0
Rishad Hossain,Charith Asalanka,8,6,1,133.33333333333331,0.16666666666666666
Rishad Hossain,David Miller,9,8,1,112.5,0.125
Rishad Hossain,David Warner,12,9,0,133.33333333333331,0.0
Rishad Hossain,Dipendra Singh Airee,4,7,0,57.14285714285714,0.0
Rishad Hossain,Heinrich Klaasen,19,11,0,172.72727272727272,0.0
Rishad Hossain,Ibrahim Zadran,4,7,1,57.14285714285714,0.14285714285714285
Rishad Hossain,Kushal Malla,13,12,0,108.33333333333333,0.0
Rishad Hossain,Rahmanullah Gurbaz,14,9,1,155.55555555555557,0.1111111111111111
Rishad Hossain,Rishabh Pant,16,6,1,266.66666666666663,0.16666666666666666
Rishad Hossain,Scott Edwards,8,6,0,133.33333333333331,0.0
Rishad Hossain,Sybrand Engelbrecht,9,7,1,128.57142857142858,0.14285714285714285
Rohit Paudel,Jaker Ali,6,7,0,85.71428571428571,0.0
Rohit Paudel,Shakib Al Hasan,7,7,1,100.0,0.14285714285714285
Romario Shepherd,Mitchell Santner,19,6,0,316.66666666666663,0.0
Romario Shepherd,Phil Salt,33,10,0,330.0,0.0
Roston Chase,Assad Vala,9,7,0,128.57142857142858,0.0
Roston Chase,Corey Anderson,4,8,1,50.0,0.125
Roston Chase,Milind Kumar,8,9,0,88.88888888888889,0.0
Roston Chase,Phil Salt,8,9,0,88.88888888888889,0.0
Roston Chase,Sese Bau,13,9,0,144.44444444444443,0.0
Roston Chase,Shadley van Schalkwyk,7,6,0,116.66666666666667,0.0
Ruben Trumpelmann,George Munsey,11,11,0,100.0,0.0
Ruben Trumpelmann,Richie Berrington,8,7,0,114.28571428571428,0.0
Ruben Trumpelmann,Travis Head,13,6,0,216.66666666666666,0.0
Ruben Trumpelmann,Zeeshan Maqsood,13,10,0,130.0,0.0
Saad Bin Zafar,Aaron Jones,33,13,0,253.84615384615384,0.0
Saad Bin Zafar,Andries Gous,10,9,0,111.11111111111111,0.0
Saad Bin Zafar,Babar Azam,10,9,0,111.11111111111111,0.0
Saad Bin Zafar,Lorcan Tucker,5,6,1,83.33333333333334,0.16666666666666666
Saad Bin Zafar,Mohammad Rizwan,13,16,0,81.25,0.0
Safyaan Sharif,Ayaan Khan,15,7,0,214.28571428571428,0.0
Safyaan Sharif,Travis Head,26,12,1,216.66666666666666,0.08333333333333333
Sagar Dhakal,Max O'Dowd,11,10,0,110.00000000000001,0.0
Sagar Dhakal,Sybrand Engelbrecht,4,6,0,66.66666666666666,0.0
Sam Curran,David Miller,14,9,0,155.55555555555557,0.0
Sam Curran,Michael van Lingen,3,6,0,50.0,0.0
Sam Curran,Nicholas Pooran,8,7,0,114.28571428571428,0.0
Sam Curran,Suryakumar Yadav,17,7,0,242.85714285714283,0.0
Sandeep Lamichhane,Jaker Ali,2,7,1,28.57142857142857,0.14285714285714285
Sandeep Lamichhane,Mahmudullah,11,8,0,137.5,0.0
Sandeep Lamichhane,Reeza Hendricks,4,10,0,40.0,0.0
Saurabh Netravalkar,Babar Azam,3,11,0,27.27272727272727,0.0
Saurabh Netravalkar,Jos Buttler,20,10,0,200.0,0.0
Saurabh Netravalkar,Navneet Dhaliwal,9,8,0,112.5,0.0
Saurabh Netravalkar,Reeza Hendricks,4,8,1,50.0,0.125
Saurabh Netravalkar,Rishabh Pant,2,6,0,33.33333333333333,0.0
Saurabh Netravalkar,Shai Hope,18,10,0,180.0,0.0
Saurabh Netravalkar,Suryakumar Yadav,14,13,0,107.6923076923077,0.0
Saurabh Netravalkar,Tristan Stubbs,6,6,0,100.0,0.0
Semo Kamea,Daryl Mitchell,16,9,0,177.77777777777777,0.0
Semo Kamea,Gulbadin Naib,8,7,0,114.28571428571428,0.0
Shadab Khan,Andries Gous,9,7,0,128.57142857142858,0.0
Shadab Khan,Monank Patel,7,6,0,116.66666666666667,0.0
Shadley van Schalkwyk,Navneet Dhaliwal,11,6,0,183.33333333333331,0.0
Shadley van Schalkwyk,Nicholas Kirton,19,8,0,237.5,0.0
Shadley van Schalkwyk,Nicholas Pooran,12,6,0,200.0,0.0
Shadley van Schalkwyk,Phil Salt,8,6,0,133.33333333333331,0.0
Shadley van Schalkwyk,Shivam Dube,5,7,0,71.42857142857143,0.0
Shadley van Schalkwyk,Suryakumar Yadav,19,16,0,118.75,0.0
Shaheen Shah Afridi,Aaron Johnson,17,7,0,242.85714285714283,0.0
Shaheen Shah Afridi,Axar Patel,14,7,0,200.0,0.0
Shaheen Shah Afridi,George Dockrell,11,6,0,183.33333333333331,0.0
Shaheen Shah Afridi,Mohammed Siraj,6,6,1,100.0,0.16666666666666666
Shaheen Shah Afridi,Monank Patel,19,12,0,158.33333333333331,0.0
Shaheen Shah Afridi,Nicholas Kirton,1,6,0,16.666666666666664,0.0
Shaheen Shah Afridi,Rohit Sharma,8,10,1,80.0,0.1
Shaheen Shah Afridi,Steven Taylor,7,8,0,87.5,0.0
Shakeel Ahmed,David Warner,16,14,0,114.28571428571428,0.0
Shakeel Ahmed,Jan Frylinck,10,6,0,166.66666666666669,0.0
Shakeel Ahmed,Marcus Stoinis,6,6,0,100.0,0.0
Shakeel Ahmed,Nikolaas Davin,9,8,0,112.5,0.0
Shakib Al Hasan,Azmatullah Omarzai,6,6,0,100.0,0.0
Shakib Al Hasan,Dipendra Singh Airee,5,6,0,83.33333333333334,0.0
Shakib Al Hasan,Ibrahim Zadran,3,7,0,42.857142857142854,0.0
Shakib Al Hasan,Kushal Malla,5,6,0,83.33333333333334,0.0
Shakib Al Hasan,Pathum Nissanka,22,9,0,244.44444444444446,0.0
Shakib Al Hasan,Rahmanullah Gurbaz,10,11,0,90.9090909090909,0.0
Shakib Al Hasan,Rohit Sharma,15,6,1,250.0,0.16666666666666666
Shakib Al Hasan,Scott Edwards,6,9,0,66.66666666666666,0.0
Shakib Al Hasan,Shivam Dube,11,6,0,183.33333333333331,0.0
Sompal Kami,Litton Das,1,6,1,16.666666666666664,0.16666666666666666
Sompal Kami,Max O'Dowd,10,9,1,111.11111111111111,0.1111111111111111
Sompal Kami,Reeza Hendricks,5,8,0,62.5,0.0
Sompal Kami,Vikramjit Singh,4,8,0,50.0,0.0
Steven Taylor,Quinton de Kock,9,7,0,128.57142857142858,0.0
Tabraiz Shamsi,Aasif Sheikh,5,8,1,62.5,0.125
Tabraiz Shamsi,Andries Gous,25,11,0,227.27272727272728,0.0
Tabraiz Shamsi,Anil Sah,13,12,0,108.33333333333333,0.0
Tabraiz Shamsi,Axar Patel,10,6,0,166.66666666666669,0.0
Tabraiz Shamsi,Harmeet Singh,25,14,0,178.57142857142858,0.0
Tabraiz Shamsi,Roston Chase,15,11,1,136.36363636363635,0.09090909090909091
Tabraiz Shamsi,Virat Kohli,10,9,0,111.11111111111111,0.0
Tangeni Lungameni,Khalid Kail,5,9,0,55.55555555555556,0.0
Tangeni Lungameni,Michael Jones,16,6,0,266.66666666666663,0.0
Tanzim Hasan Sakib,Angelo Mathews,11,10,1,110.00000000000001,0.1
Tanzim Hasan Sakib,David Miller,5,6,0,83.33333333333334,0.0
Tanzim Hasan Sakib,Hardik Pandya,8,6,0,133.33333333333331,0.0
Tanzim Hasan Sakib,Ibrahim Zadran,15,11,0,136.36363636363635,0.0
Tanzim Hasan Sakib,Kushal Bhurtel,5,9,1,55.55555555555556,0.1111111111111111
Tanzim Hasan Sakib,Max O'Dowd,8,8,1,100.0,0.125
Tanzim Hasan Sakib,Pathum Nissanka,12,9,0,133.33333333333331,0.0
Tanzim Hasan Sakib,Quinton de Kock,12,9,1,133.33333333333331,0.1111111111111111
Tanzim Hasan Sakib,Rahmanullah Gurbaz,10,8,0,125.0,0.0
Tanzim Hasan Sakib,Shivam Dube,10,6,0,166.66666666666669,0.0
Tanzim Hasan Sakib,Sundeep Jora,1,8,1,12.5,0.125
Tanzim Hasan Sakib,Sybrand Engelbrecht,8,6,0,133.33333333333331,0.0
Tanzim Hasan Sakib,Virat Kohli,5,6,1,83.33333333333334,0.16666666666666666
Taskin Ahmed,Aasif Sheikh,14,11,0,127.27272727272727,0.0
Taskin Ahmed,Aiden Markram,4,8,1,50.0,0.125
Taskin Ahmed,Dhananjaya de Silva,3,6,0,50.0,0.0
Taskin Ahmed,Dipendra Singh Airee,13,6,0,216.66666666666666,0.0
Taskin Ahmed,Heinrich Klaasen,4,8,1,50.0,0.125
Taskin Ahmed,Max O'Dowd,4,6,0,66.66666666666666,0.0
Taskin Ahmed,Rahmanullah Gurbaz,5,15,0,33.33333333333333,0.0
Tim Pringle,Dhananjaya de Silva,9,8,1,112.5,0.125
Tim Pringle,Kusal Mendis,9,6,0,150.0,0.0
Tim Pringle,Mahmudullah,16,7,0,228.57142857142856,0.0
Tim Pringle,Rohit Paudel,5,10,1,50.0,0.1
Tim Pringle,Shakib Al Hasan,12,7,0,171.42857142857142,0.0
Tim Pringle,Tristan Stubbs,5,7,0,71.42857142857143,0.0
Tim Southee,Charles Amini,6,12,0,50.0,0.0
Tim Southee,Kenneth Waiswa,2,6,0,33.33333333333333,0.0
Tim Southee,Nicholas Pooran,9,7,1,128.57142857142858,0.14285714285714285
Tim Southee,Ronak Patel,2,8,0,25.0,0.0
Trent Boult,Assad Vala,6,10,0,60.0,0.0
Trent Boult,Kenneth Waiswa,4,6,0,66.66666666666666,0.0
Trent Boult,Rahmanullah Gurbaz,18,14,1,128.57142857142858,0.07142857142857142
Trent Boult,Ronak Patel,1,8,0,12.5,0.0
Vivian Kingma,Anil Sah,11,11,0,100.0,0.0
Vivian Kingma,David Miller,4,8,0,50.0,0.0
Vivian Kingma,Kamindu Mendis,11,14,0,78.57142857142857,0.0
Vivian Kingma,Kushal Bhurtel,2,7,0,28.57142857142857,0.0
Vivian Kingma,Reeza Hendricks,3,6,1,50.0,0.16666666666666666
Vivian Kingma,Tanzid Hasan,19,11,0,172.72727272727272,0.0
Wanindu Hasaranga,Heinrich Klaasen,14,10,0,140.0,0.0
Wanindu Hasaranga,Litton Das,3,9,1,33.33333333333333,0.1111111111111111
Wanindu Hasaranga,Scott Edwards,4,6,0,66.66666666666666,0.0
Wanindu Hasaranga,Towhid Hridoy,27,9,1,300.0,0.1111111111111111
Zeeshan Maqsood,Brandon McMullen,18,9,0,200.0,0.0
Zeeshan Maqsood,Gerhard Erasmus,8,8,0,100.0,0.0
